,stamp,processPid,VIRT,RES,SHR,cpuUsage,battery_current,battery_voltage,usb_current,usb_voltage
1,1616397492122,nan,nan,nan,nan,nan,0,4362537,129105,5062500
2,1616397492171,nan,nan,nan,nan,nan,0,4362537,128460,5063274
3,1616397492220,nan,nan,nan,nan,nan,0,4362537,372400,4914960
4,1616397492271,nan,nan,nan,nan,nan,0,4362537,135920,5062884
5,1616397492318,nan,nan,nan,nan,nan,0,4362537,130080,5062500
6,1616397492365,nan,nan,nan,nan,nan,0,4362537,130405,5062110
7,1616397492413,nan,nan,nan,nan,nan,0,4362537,331205,5062500
8,1616397492460,nan,nan,nan,nan,nan,0,4362537,129430,5062884
9,1616397492508,nan,nan,nan,nan,nan,0,4362537,135270,5051208
10,1616397492557,nan,nan,nan,nan,nan,0,4362537,131055,5063664
11,1616397492605,nan,nan,nan,nan,nan,0,4362537,131055,5062884
12,1616397492650,nan,nan,nan,nan,nan,0,4362537,134295,5061330
13,1616397492700,nan,nan,nan,nan,nan,-1464,4362781,130730,5062500
14,1616397492748,nan,nan,nan,nan,nan,-1464,4362781,130730,5063274
15,1616397492796,nan,nan,nan,nan,nan,-1464,4362781,131375,5057826
16,1616397492840,nan,nan,nan,nan,nan,-1464,4362781,131375,5062500
17,1616397492889,nan,nan,nan,nan,nan,-1464,4362781,131375,5036418
18,1616397492936,nan,nan,nan,nan,nan,-1464,4362781,130730,5062884
19,1616397492983,nan,nan,nan,nan,nan,-1464,4362781,305575,5064834
20,1616397493032,nan,nan,nan,nan,nan,-1464,4362781,131375,5064834
21,1616397493080,nan,nan,nan,nan,nan,-1464,4362781,130730,5062884
22,1616397493128,nan,nan,nan,nan,nan,-1464,4362781,133000,5064444
23,1616397493176,nan,nan,nan,nan,nan,-1464,4362781,133325,5063274
24,1616397493222,nan,nan,nan,nan,nan,-1464,4362781,323420,5016564
25,1616397493271,nan,nan,nan,nan,nan,-1464,4362781,134295,5060940
26,1616397493317,nan,nan,nan,nan,nan,-1464,4362781,133000,5062110
27,1616397493362,nan,nan,nan,nan,nan,-1464,4362781,138190,5061720
28,1616397493406,nan,nan,nan,nan,nan,-1464,4362781,133000,5060940
29,1616397493454,nan,nan,nan,nan,nan,-1464,4362781,134945,5062110
30,1616397493501,nan,nan,nan,nan,nan,-1464,4362781,344180,5060160
31,1616397493550,nan,nan,nan,nan,nan,-1464,4362781,136570,5060160
32,1616397493600,nan,nan,nan,nan,nan,-1464,4362781,134620,5060940
33,1616397493648,nan,nan,nan,nan,nan,-1464,4362781,134295,5056266
34,1616397493697,nan,nan,nan,nan,nan,-488,4362537,133650,5062500
35,1616397493745,nan,nan,nan,nan,nan,-488,4362537,134620,5061720
36,1616397493791,nan,nan,nan,nan,nan,-488,4362537,134295,5062110
37,1616397493838,nan,nan,nan,nan,nan,-488,4362537,133325,5062110
38,1616397493886,nan,nan,nan,nan,nan,-488,4362537,133650,5061720
39,1616397493934,nan,nan,nan,nan,nan,-488,4362537,134295,5061330
40,1616397493983,nan,nan,nan,nan,nan,-488,4362537,325040,5043420
41,1616397494031,nan,nan,nan,nan,nan,-488,4362537,133325,5060550
42,1616397494078,nan,nan,nan,nan,nan,-488,4362537,134945,5053932
43,1616397494253,nan,nan,nan,nan,nan,-488,4362537,75255,5078844
44,1616397494452,nan,nan,nan,nan,nan,-488,4362537,191065,5080404
45,1616397494653,nan,nan,nan,nan,nan,0,4362537,74285,5079624
46,1616397494804,nan,nan,nan,nan,nan,0,4362537,95695,5077680
47,1616397495013,nan,nan,nan,nan,nan,0,4362537,158950,5065224
48,1616397495213,nan,nan,nan,nan,nan,0,4362537,68120,5080794
49,1616397495432,nan,nan,nan,nan,nan,0,4362537,89205,5081574
50,1616397495613,nan,nan,nan,nan,nan,0,4362293,69420,5081574
51,1616397495814,nan,nan,nan,nan,nan,-488,4362293,67795,5081958
52,1616397495993,nan,nan,nan,nan,nan,-488,4362293,66500,5081574
53,1616397496194,nan,nan,nan,nan,nan,-488,4362293,67795,5081574
54,1616397496392,nan,nan,nan,nan,nan,-488,4362293,134295,5073396
55,1616397496544,nan,nan,nan,nan,nan,-488,4362293,67795,5080014
56,1616397496754,nan,nan,nan,nan,nan,-1464,4362537,71365,5081958
57,1616397496934,nan,nan,nan,nan,nan,-1464,4362537,69420,5080014
58,1616397497132,nan,nan,nan,nan,nan,-1464,4362537,108345,5080404
59,1616397497332,nan,nan,nan,nan,nan,-1464,4362537,85960,5081958
60,1616397497513,nan,nan,nan,nan,nan,-1464,4362537,82070,5084298
61,1616397497732,nan,nan,nan,nan,nan,0,4363025,69740,5079624
62,1616397497904,nan,nan,nan,nan,nan,0,4363025,66175,5081184
63,1616397498083,nan,nan,nan,nan,nan,0,4363025,64550,5083128
64,1616397498312,nan,nan,nan,nan,nan,0,4363025,98615,5074566
65,1616397498510,nan,nan,nan,nan,nan,0,4363025,166735,5069112
66,1616397498724,nan,nan,nan,nan,nan,-488,4362537,389270,4991652
67,1616397498927,nan,nan,nan,nan,nan,-488,4362537,545305,4912626
68,1616397499128,nan,nan,nan,nan,nan,-488,4362537,794440,4771320
69,1616397499320,nan,nan,nan,nan,nan,-488,4362537,813255,4858518
70,1616397499538,nan,nan,nan,nan,nan,-488,4362537,1195715,4739010
71,1616397499759,nan,nan,nan,nan,nan,-1464,4362049,1332285,4668942
72,1616397499977,nan,nan,nan,nan,nan,-1464,4362049,1418575,4683342
73,1616397500198,nan,nan,nan,nan,nan,-1464,4362049,1551250,4652592
74,1616397500411,nan,nan,nan,nan,nan,-1464,4362049,1508755,4788450
75,1616397500616,nan,nan,nan,nan,nan,-1953,4359363,1583040,4721880
76,1616397500840,nan,nan,nan,nan,nan,-1953,4359363,1081855,4763538
77,1616397501046,nan,nan,nan,nan,nan,-1953,4359363,1135055,4690740
78,1616397501240,nan,nan,nan,nan,nan,-1953,4359363,1182415,4849956
79,1616397501463,nan,nan,nan,nan,nan,-1953,4359363,1073420,4763538
80,1616397501694,nan,nan,nan,nan,nan,-1464,4362049,1205770,4656096
81,1616397501920,nan,nan,nan,nan,nan,-1464,4362049,1150625,4766652
82,1616397502143,nan,nan,nan,nan,nan,-1464,4362049,1176250,4661544
83,1616397502364,nan,nan,nan,nan,nan,-1464,4362049,891435,4723830
84,1616397502568,nan,nan,nan,nan,nan,-1464,4362537,896950,4766652
85,1616397502779,nan,nan,nan,nan,nan,-488,4362537,1467560,4836720
86,1616397502991,nan,nan,nan,nan,nan,-488,4362537,777245,4881486
87,1616397503190,nan,nan,nan,nan,nan,-488,4362537,937820,4784166
88,1616397503406,nan,nan,nan,nan,nan,-488,4362537,1340720,4695804
89,1616397503629,nan,nan,nan,nan,nan,0,4362049,1135705,4802076
90,1616397503852,nan,nan,nan,nan,nan,0,4362049,995240,4825038
91,1616397504056,nan,nan,nan,nan,nan,0,4362049,965395,4790004
92,1616397504278,nan,nan,nan,nan,nan,0,4362049,1460745,4823094
93,1616397504502,nan,nan,nan,nan,nan,0,4362049,1185985,4775214
94,1616397504722,nan,nan,nan,nan,nan,-488,4362537,1160030,4874088
95,1616397504941,nan,nan,nan,nan,nan,-488,4362537,1254105,4846842
96,1616397505137,nan,nan,nan,nan,nan,-488,4362537,965070,4817256
97,1616397505366,nan,nan,nan,nan,nan,-488,4362537,1272920,4765092
98,1616397505575,nan,nan,nan,nan,nan,0,4362293,988105,4751856
99,1616397505813,nan,nan,nan,nan,nan,0,4362293,901815,4841778
100,1616397506047,nan,nan,nan,nan,nan,0,4362293,1147055,4759644
101,1616397506271,nan,nan,nan,nan,nan,0,4362293,1420520,4756140
102,1616397506477,nan,nan,nan,nan,nan,0,4362293,932305,4734342
103,1616397506692,nan,nan,nan,nan,nan,-1464,4362293,859965,4785726
104,1616397506926,nan,nan,nan,nan,nan,-1464,4362293,674090,4988538
105,1616397507129,nan,nan,nan,nan,nan,-1464,4362293,1006270,4881096
106,1616397507321,nan,nan,nan,nan,nan,-1464,4362293,934255,4858908
107,1616397507543,nan,nan,nan,nan,nan,-1464,4362049,1180795,4781442
108,1616397507755,nan,nan,nan,nan,nan,0,4362049,952420,4840998
109,1616397507978,nan,nan,nan,nan,nan,0,4362049,962800,4786500
110,1616397508201,nan,nan,nan,nan,nan,0,4362049,1044225,4754190
111,1616397508415,nan,nan,nan,nan,nan,0,4362049,864835,4858908
112,1616397508657,nan,nan,nan,nan,nan,-1953,4362049,1157435,4815306
113,1616397508884,nan,nan,nan,nan,nan,-1953,4362049,1006270,4860852
114,1616397509106,nan,nan,nan,nan,nan,-1953,4362049,902465,4838274
115,1616397509308,nan,nan,nan,nan,nan,-1953,4362049,1247620,4803630
116,1616397509525,nan,nan,nan,nan,nan,-1953,4362049,987130,4780272
117,1616397509756,nan,nan,nan,nan,nan,-488,4362537,1131160,4779882
118,1616397509978,nan,nan,nan,nan,nan,-488,4362537,1245350,4792728
119,1616397510204,nan,nan,nan,nan,nan,-488,4362537,934255,4761588
120,1616397510426,nan,nan,nan,nan,nan,-488,4362537,1025735,4809078
121,1616397510647,nan,nan,nan,nan,nan,-130371,4362293,1090935,4820760
122,1616397510861,nan,nan,nan,nan,nan,-130371,4362293,992970,4843338
123,1616397511108,nan,nan,nan,nan,nan,-130371,4362293,1424090,4907178
124,1616397511309,nan,nan,nan,nan,nan,-130371,4362293,486590,4884210
125,1616397511519,nan,nan,nan,nan,nan,-130371,4362049,1004000,4828932
126,1616397511742,nan,nan,nan,nan,nan,-488,4362049,1095480,4795068
127,1616397511958,nan,nan,nan,nan,nan,-488,4362049,853805,4828152
128,1616397512179,nan,nan,nan,nan,nan,-488,4362049,888840,4787280
129,1616397512406,nan,nan,nan,nan,nan,-488,4362049,929065,4850730
130,1616397512612,nan,nan,nan,nan,nan,0,4362293,874890,4822704
131,1616397512858,nan,nan,nan,nan,nan,0,4362293,880080,4902504
132,1616397513073,nan,nan,nan,nan,nan,0,4362293,998810,4886544
133,1616397513284,nan,nan,nan,nan,nan,0,4362293,1085420,4838664
134,1616397513493,nan,nan,nan,nan,nan,0,4362293,1048115,4851120
135,1616397513743,nan,nan,nan,nan,nan,-1464,4362049,1021190,4766262
136,1616397513952,nan,nan,nan,nan,nan,-1464,4362049,978370,4765092
137,1616397514179,nan,nan,nan,nan,nan,-1464,4362049,946580,4795068
138,1616397514402,nan,nan,nan,nan,nan,-1464,4362049,1096775,4806354
139,1616397514623,nan,nan,nan,nan,nan,-488,4362049,966695,4770930
140,1616397514835,nan,nan,nan,nan,nan,-488,4362049,1173980,4862022
141,1616397515054,nan,nan,nan,nan,nan,-488,4362049,1107805,4782222
142,1616397515280,nan,nan,nan,nan,nan,-488,4362049,659165,4902894
143,1616397515453,nan,nan,nan,nan,nan,-488,4362049,733455,4886154
144,1616397515629,nan,nan,nan,nan,nan,0,4362293,799305,4875258
145,1616397515788,nan,nan,nan,nan,nan,0,4362293,569960,4939488
146,1616397515940,nan,nan,nan,nan,nan,0,4362293,1447445,4890438
147,1616397516120,nan,nan,nan,nan,nan,0,4362293,1124675,4931700
148,1616397516292,nan,nan,nan,nan,nan,0,4362293,590720,4932480
149,1616397516463,nan,nan,nan,nan,nan,0,4362293,717235,4934424
150,1616397516635,nan,nan,nan,nan,nan,0,4362537,595910,4933650
151,1616397516803,nan,nan,nan,nan,nan,0,4362537,1025735,4933650
152,1616397516972,nan,nan,nan,nan,nan,0,4362537,660140,4740960
153,1616397517140,nan,nan,nan,nan,nan,0,4362537,587150,4871754
154,1616397517310,nan,nan,nan,nan,nan,0,4362537,947880,4926642
155,1616397517489,nan,nan,nan,nan,nan,0,4362537,903110,4859298
156,1616397517661,nan,nan,nan,nan,nan,-1464,4362537,804820,4811028
157,1616397517834,nan,nan,nan,nan,nan,-1464,4362537,897920,4901730
158,1616397518002,nan,nan,nan,nan,nan,-1464,4362537,786655,4917300
159,1616397518169,nan,nan,nan,nan,nan,-1464,4362537,1320930,4919244
160,1616397518344,nan,nan,nan,nan,nan,-1464,4362537,1076665,4902114
161,1616397518515,nan,nan,nan,nan,nan,-1464,4362049,770435,4902504
162,1616397518683,nan,nan,nan,nan,nan,0,4362049,961180,4858518
163,1616397518852,nan,nan,nan,nan,nan,0,4362049,555360,4927422
164,1616397519014,nan,nan,nan,nan,nan,0,4362049,630945,4910292
165,1616397519199,nan,nan,nan,nan,nan,0,4362049,572880,4722270
166,1616397519364,nan,nan,nan,nan,nan,0,4362049,658195,4823484
167,1616397519529,nan,nan,nan,nan,nan,-64941,4361805,1512650,4708650
168,1616397519716,nan,nan,nan,nan,nan,-64941,4361805,1461395,4925862
169,1616397519881,nan,nan,nan,nan,nan,-64941,4361805,589745,4924302
170,1616397520054,nan,nan,nan,nan,nan,-64941,4361805,910250,4783776
171,1616397520231,nan,nan,nan,nan,nan,-64941,4361805,596885,4922748
172,1616397520396,nan,nan,nan,nan,nan,-64941,4361805,521625,4928586
173,1616397520563,nan,nan,nan,nan,nan,-488,4362293,679280,4928196
174,1616397520728,nan,nan,nan,nan,nan,-488,4362293,601750,4691520
175,1616397520893,nan,nan,nan,nan,nan,-488,4362293,758755,4925082
176,1616397521056,nan,nan,nan,nan,nan,-488,4362293,1266435,4702032
177,1616397521234,nan,nan,nan,nan,nan,-488,4362293,774650,4881876
178,1616397521410,nan,nan,nan,nan,nan,-488,4362293,964420,4799346
179,1616397521630,nan,nan,nan,nan,nan,-488,4362293,884620,4724610
180,1616397521857,nan,nan,nan,nan,nan,-488,4362293,1243725,4777938
181,1616397522080,nan,nan,nan,nan,nan,-488,4362293,1137000,4678284
182,1616397522307,nan,nan,nan,nan,nan,-488,4362293,927440,4833996
183,1616397522504,nan,nan,nan,nan,nan,0,4362293,1002050,4846842
184,1616397522742,nan,nan,nan,nan,nan,0,4362293,973180,4858518
185,1616397522965,nan,nan,nan,nan,nan,0,4362293,1295630,4913016
186,1616397523163,nan,nan,nan,nan,nan,0,4362293,672790,4793508
187,1616397523399,nan,nan,nan,nan,nan,0,4362293,1060120,4865526
188,1616397523622,nan,nan,nan,nan,nan,-1464,4362293,1001080,4751856
189,1616397523845,nan,nan,nan,nan,nan,-1464,4362293,857050,4800516
190,1616397524057,nan,nan,nan,nan,nan,-1464,4362293,980640,4844892
191,1616397524285,nan,nan,nan,nan,nan,-1464,4362293,869375,4823874
192,1616397524487,nan,nan,nan,nan,nan,-1464,4362293,1174955,4864746
193,1616397524717,nan,nan,nan,nan,nan,-1464,4362293,825580,4906788
194,1616397524918,nan,nan,nan,nan,nan,-1464,4362293,935550,4888884
195,1616397525121,nan,nan,nan,nan,nan,-1464,4362293,1009190,4856958
196,1616397525330,nan,nan,nan,nan,nan,-1464,4362293,1143165,4811802
197,1616397525573,nan,nan,nan,nan,nan,-488,4362537,840180,4816476
198,1616397525802,nan,nan,nan,nan,nan,-488,4362537,848290,4798956
199,1616397526015,nan,nan,nan,nan,nan,-488,4362537,807090,4758474
200,1616397526232,nan,nan,nan,nan,nan,-488,4362537,1234965,4816866
201,1616397526459,nan,nan,nan,nan,nan,-488,4362049,857370,4852290
202,1616397526686,nan,nan,nan,nan,nan,0,4362049,648785,4835550
203,1616397526897,nan,nan,nan,nan,nan,0,4362049,1103585,4816866
204,1616397527122,nan,nan,nan,nan,nan,0,4362049,666955,4911846
205,1616397527330,nan,nan,nan,nan,nan,0,4362049,937820,4901340
206,1616397527520,nan,nan,nan,nan,nan,-488,4363025,881375,4912626
207,1616397527757,nan,nan,nan,nan,nan,-488,4363025,1004970,4761978
208,1616397527978,nan,nan,nan,nan,nan,-488,4363025,1004325,4842948
209,1616397528199,nan,nan,nan,nan,nan,-488,4363025,1008215,4883430
210,1616397528413,nan,nan,nan,nan,nan,-488,4363025,727615,4811802
211,1616397528617,nan,nan,nan,nan,nan,-488,4362781,1107480,4935594
212,1616397528842,nan,nan,nan,nan,nan,-488,4362781,959555,4897446
213,1616397529059,nan,nan,nan,nan,nan,-488,4362781,937500,4864746
214,1616397529272,nan,nan,nan,nan,nan,-488,4362781,991345,4853844
215,1616397529496,nan,nan,nan,nan,nan,-65917,4362781,986480,4876422
216,1616397529717,nan,nan,nan,nan,nan,-65917,4362781,871645,4823094
217,1616397529952,nan,nan,nan,nan,nan,-65917,4362781,973505,4901730
218,1616397530163,nan,nan,nan,nan,nan,-65917,4362781,893055,4818036
219,1616397530377,nan,nan,nan,nan,nan,-65917,4362781,921280,4767036
220,1616397530589,nan,nan,nan,nan,nan,0,4362293,544980,4913406
221,1616397530813,nan,nan,nan,nan,nan,0,4362293,890460,4831266
222,1616397531037,nan,nan,nan,nan,nan,0,4362293,764595,4847226
223,1616397531262,nan,nan,nan,nan,nan,0,4362293,914140,4800906
224,1616397531488,nan,nan,nan,nan,nan,0,4362537,1396515,4975302
225,1616397531676,nan,nan,nan,nan,nan,0,4362537,1028005,4877592
226,1616397531867,nan,nan,nan,nan,nan,0,4362537,730210,4828152
227,1616397532081,nan,nan,nan,nan,nan,0,4362537,985510,4816476
228,1616397532302,nan,nan,nan,nan,nan,0,4362537,1200255,4810248
229,1616397532527,nan,nan,nan,nan,nan,-488,4362293,831095,4866690
230,1616397532743,nan,nan,nan,nan,nan,-488,4362293,772705,4816086
231,1616397532957,nan,nan,nan,nan,nan,-488,4362293,1178200,4865526
232,1616397533182,nan,nan,nan,nan,nan,-488,4362293,885595,4843338
233,1616397533391,nan,nan,nan,nan,nan,-488,4362293,979345,4883430
234,1616397533630,nan,nan,nan,nan,nan,-1464,4362537,959230,4767036
235,1616397533833,nan,nan,nan,nan,nan,-1464,4362537,883650,4869804
236,1616397534058,nan,nan,nan,nan,nan,-1464,4362537,754215,4784166
237,1616397534292,nan,nan,nan,nan,nan,-1464,4362537,886245,4873308
238,1616397534507,nan,nan,nan,nan,nan,-488,4362537,919330,4811802
239,1616397534711,nan,nan,nan,nan,nan,-488,4362537,834340,4791174
240,1616397534941,nan,nan,nan,nan,nan,-488,4362537,950150,4803630
241,1616397535162,nan,nan,nan,nan,nan,-488,4362537,1062390,4821150
242,1616397535380,nan,nan,nan,nan,nan,0,4362049,762000,4866306
243,1616397535697,nan,nan,nan,nan,nan,0,4362049,851855,4821150
244,1616397535910,nan,nan,nan,nan,nan,0,4362049,678305,4751076
245,1616397536074,nan,nan,nan,nan,nan,0,4362049,455770,4839444
246,1616397536283,nan,nan,nan,nan,nan,0,4362049,711395,4794288
247,1616397536508,nan,nan,nan,nan,nan,-64941,4362537,967015,4869804
248,1616397536725,nan,nan,nan,nan,nan,-64941,4362537,836610,4820760
249,1616397536951,nan,nan,nan,nan,nan,-64941,4362537,1135705,4856184
250,1616397537165,nan,nan,nan,nan,nan,-64941,4362537,1257025,4809078
251,1616397537374,nan,nan,nan,nan,nan,-64941,4362537,755190,4873308
252,1616397537592,nan,nan,nan,nan,nan,-1953,4362049,1294005,4865526
253,1616397537831,nan,nan,nan,nan,nan,-1953,4362049,993295,4835160
254,1616397538037,nan,nan,nan,nan,nan,-1953,4362049,829150,4832826
255,1616397538258,nan,nan,nan,nan,nan,-1953,4362049,804495,4819200
256,1616397538484,nan,nan,nan,nan,nan,-1464,4362049,855750,4802460
257,1616397538698,nan,nan,nan,nan,nan,-1464,4362049,1059470,4816866
258,1616397538936,nan,nan,nan,nan,nan,-1464,4362049,786655,4824648
259,1616397539165,nan,nan,nan,nan,nan,-1464,4362049,1146085,4826988
260,1616397539382,nan,nan,nan,nan,nan,-1464,4362049,960530,4804020
261,1616397539604,nan,nan,nan,nan,nan,0,4362781,1061415,4829712
262,1616397539823,nan,nan,nan,nan,nan,0,4362781,960530,4826598
263,1616397540038,nan,nan,nan,nan,nan,0,4362781,752595,4852290
264,1616397540261,nan,nan,nan,nan,nan,0,4362781,1274545,4789614
265,1616397540431,nan,nan,nan,nan,nan,-1464,4362781,940095,4842948
266,1616397540622,nan,nan,nan,nan,nan,-1464,4362781,818445,4782222
267,1616397540836,nan,nan,nan,nan,nan,-1464,4362781,943660,4887714
268,1616397541056,nan,nan,nan,nan,nan,-1464,4362781,1008865,4784556
269,1616397541270,nan,nan,nan,nan,nan,-1464,4362781,838235,4846842
270,1616397541475,nan,nan,nan,nan,nan,-488,4362537,1149005,4833606
271,1616397541694,nan,nan,nan,nan,nan,-488,4362537,984860,4818420
272,1616397541914,nan,nan,nan,nan,nan,-488,4362537,745130,4861632
273,1616397542136,nan,nan,nan,nan,nan,-488,4362537,1096450,4850346
274,1616397542364,nan,nan,nan,nan,nan,-488,4362537,1035465,4819200
275,1616397542594,nan,nan,nan,nan,nan,-64941,4362293,907330,4875258
276,1616397542828,nan,nan,nan,nan,nan,-64941,4362293,757785,4836720
277,1616397543042,nan,nan,nan,nan,nan,-64941,4362293,810010,4868250
278,1616397543233,nan,nan,nan,nan,nan,-64941,4362293,874240,4837110
279,1616397543480,nan,nan,nan,nan,nan,-488,4362537,723075,4857738
280,1616397543718,nan,nan,nan,nan,nan,-488,4362537,850560,4867860
281,1616397543941,nan,nan,nan,nan,nan,-488,4362537,836285,4830882
282,1616397544148,nan,nan,nan,nan,nan,-488,4362537,768165,4832436
283,1616397544356,nan,nan,nan,nan,nan,-488,4362537,1065960,4841778
284,1616397544594,nan,nan,nan,nan,nan,-488,4362537,986480,4809858
285,1616397544829,nan,nan,nan,nan,nan,-488,4362537,924845,4805964
286,1616397545045,nan,nan,nan,nan,nan,-488,4362537,1004000,4774434
287,1616397545264,nan,nan,nan,nan,nan,-488,4362537,995890,4838274
288,1616397545481,nan,nan,nan,nan,nan,-1464,4362293,963450,4849566
289,1616397545703,nan,nan,nan,nan,nan,-1464,4362293,1031570,4811028
290,1616397545921,nan,nan,nan,nan,nan,-1464,4362293,1026380,4819200
291,1616397546153,nan,nan,nan,nan,nan,-1464,4362293,871320,4852680
292,1616397546350,nan,nan,nan,nan,nan,-1464,4362293,617320,4905228
293,1616397546543,nan,nan,nan,nan,nan,-488,4362537,812605,4922358
294,1616397546742,nan,nan,nan,nan,nan,-488,4362537,1137000,4811418
295,1616397546959,nan,nan,nan,nan,nan,-488,4362537,1014055,4813362
296,1616397547180,nan,nan,nan,nan,nan,-488,4362537,826555,4842168
297,1616397547408,nan,nan,nan,nan,nan,0,4362293,924195,4851510
298,1616397547618,nan,nan,nan,nan,nan,0,4362293,947555,4843338
299,1616397547815,nan,nan,nan,nan,nan,0,4362293,770760,4840998
300,1616397548043,nan,nan,nan,nan,nan,0,4362293,871645,4846452
301,1616397548241,nan,nan,nan,nan,nan,0,4362293,828825,4830102
302,1616397548462,nan,nan,nan,nan,nan,0,4362781,907980,4776768
303,1616397548673,nan,nan,nan,nan,nan,0,4362781,1079580,4938708
304,1616397548885,nan,nan,nan,nan,nan,0,4362781,929710,4761978
305,1616397549113,nan,nan,nan,nan,nan,0,4362781,896950,4832436
306,1616397549347,nan,nan,nan,nan,nan,0,4362781,760055,4862022
307,1616397549557,nan,nan,nan,nan,nan,-65917,4362537,987780,4807914
308,1616397549804,nan,nan,nan,nan,nan,-65917,4362537,930685,4880706
309,1616397550021,nan,nan,nan,nan,nan,-65917,4362537,776275,4824648
310,1616397550216,nan,nan,nan,nan,nan,-65917,4362537,696470,4854234
311,1616397550438,nan,nan,nan,nan,nan,-488,4362293,759405,4848006
312,1616397550642,nan,nan,nan,nan,nan,-488,4362293,495025,4934814
313,1616397550846,nan,nan,nan,nan,nan,-488,4362293,712045,4906398
314,1616397551022,nan,nan,nan,nan,nan,-488,4362293,815850,4882650
315,1616397551226,nan,nan,nan,nan,nan,-488,4362293,963450,4826988
316,1616397551438,nan,nan,nan,nan,nan,-1464,4362293,787305,4855014
317,1616397551643,nan,nan,nan,nan,nan,-1464,4362293,778220,4823484
318,1616397551871,nan,nan,nan,nan,nan,-1464,4362293,995890,4839054
319,1616397552082,nan,nan,nan,nan,nan,-1464,4362293,814230,4847616
320,1616397552266,nan,nan,nan,nan,nan,-1464,4362293,763945,4789614
321,1616397552497,nan,nan,nan,nan,nan,-488,4362049,740590,4923918
322,1616397552724,nan,nan,nan,nan,nan,-488,4362049,779840,4858128
323,1616397552941,nan,nan,nan,nan,nan,-488,4362049,898895,4838664
324,1616397553151,nan,nan,nan,nan,nan,-488,4362049,1129865,4840998
325,1616397553369,nan,nan,nan,nan,nan,-488,4362537,1020865,4697748
326,1616397553606,nan,nan,nan,nan,nan,-488,4362537,874565,4822704
327,1616397553823,nan,nan,nan,nan,nan,-488,4362537,1101640,4849566
328,1616397554041,nan,nan,nan,nan,nan,-488,4362537,1020220,4826988
329,1616397554259,nan,nan,nan,nan,nan,-488,4362537,1040980,4839444
330,1616397554488,nan,nan,nan,nan,nan,0,4362049,687715,4818036
331,1616397554695,nan,nan,nan,nan,nan,0,4362049,881055,4829322
332,1616397554916,nan,nan,nan,nan,nan,0,4362049,1070500,4892772
333,1616397555148,nan,nan,nan,nan,nan,0,4362049,707500,4901730
334,1616397555321,nan,nan,nan,nan,nan,0,4362049,670845,4985418
335,1616397555513,nan,nan,nan,nan,nan,0,4362537,846990,4752246
336,1616397555746,nan,nan,nan,nan,nan,0,4362537,1142840,4765482
337,1616397555961,nan,nan,nan,nan,nan,0,4362537,1030925,4845282
338,1616397556180,nan,nan,nan,nan,nan,0,4362537,866455,4875648
339,1616397556406,nan,nan,nan,nan,nan,-65917,4362537,840180,4828932
340,1616397556622,nan,nan,nan,nan,nan,-65917,4362537,556335,4920024
341,1616397556807,nan,nan,nan,nan,nan,-65917,4362537,826880,4802076
342,1616397557024,nan,nan,nan,nan,nan,-65917,4362537,937175,4824648
343,1616397557235,nan,nan,nan,nan,nan,-65917,4362537,891110,4854234
344,1616397557443,nan,nan,nan,nan,nan,-488,4362537,641975,4848396
345,1616397557628,nan,nan,nan,nan,nan,-488,4362537,987780,4822314
346,1616397557864,nan,nan,nan,nan,nan,-488,4362537,1041305,4832046
347,1616397558068,nan,nan,nan,nan,nan,-488,4362537,1093855,4820370
348,1616397558302,nan,nan,nan,nan,nan,-488,4362537,910895,4866690
349,1616397558509,nan,nan,nan,nan,nan,-1464,4362293,921280,4740180
350,1616397558723,nan,nan,nan,nan,nan,-1464,4362293,929710,4811028
351,1616397558940,nan,nan,nan,nan,nan,-1464,4362293,873590,4858518
352,1616397559162,nan,nan,nan,nan,nan,-1464,4362293,802550,4861632
353,1616397559373,nan,nan,nan,nan,nan,-488,4362537,898570,4740960
354,1616397559592,nan,nan,nan,nan,nan,-488,4362537,1327095,4822314
355,1616397559752,nan,nan,nan,nan,nan,-488,4362537,394785,4954668
356,1616397559948,nan,nan,nan,nan,nan,-488,4362537,985830,4839054
357,1616397560162,nan,nan,nan,nan,nan,-488,4362537,1017945,4849956
358,1616397560379,nan,nan,nan,nan,nan,-1464,4362781,1076665,4874868
359,1616397560599,nan,nan,nan,nan,nan,-1464,4362781,1054280,4883040
360,1616397560815,nan,nan,nan,nan,nan,-1464,4362781,796385,4834380
361,1616397561014,nan,nan,nan,nan,nan,-1464,4362781,945930,4922748
362,1616397561217,nan,nan,nan,nan,nan,-1464,4362781,848940,4853070
363,1616397561449,nan,nan,nan,nan,nan,-488,4362537,808715,4881096
364,1616397561658,nan,nan,nan,nan,nan,-488,4362537,967340,4772490
365,1616397561875,nan,nan,nan,nan,nan,-488,4362537,1029950,4803630
366,1616397562080,nan,nan,nan,nan,nan,-488,4362537,738320,4817256
367,1616397562315,nan,nan,nan,nan,nan,-488,4362537,1123050,4804800
368,1616397562553,nan,nan,nan,nan,nan,0,4362537,763300,4835160
369,1616397562776,nan,nan,nan,nan,nan,0,4362537,801575,4668552
370,1616397563009,nan,nan,nan,nan,nan,0,4362537,818770,4843728
371,1616397563211,nan,nan,nan,nan,nan,0,4362537,1036440,4845282
372,1616397563436,nan,nan,nan,nan,nan,-64941,4362049,785355,4767816
373,1616397563658,nan,nan,nan,nan,nan,-64941,4362049,1116240,4808304
374,1616397563890,nan,nan,nan,nan,nan,-64941,4362049,689985,4926252
375,1616397564107,nan,nan,nan,nan,nan,-64941,4362049,506375,4913406
376,1616397564270,nan,nan,nan,nan,nan,-64941,4362049,869050,4902894
377,1616397564481,nan,nan,nan,nan,nan,-64941,4362537,919980,4788060
378,1616397564698,nan,nan,nan,nan,nan,-64941,4362537,942040,4825818
379,1616397564924,nan,nan,nan,nan,nan,-64941,4362537,1143165,4850730
380,1616397565151,nan,nan,nan,nan,nan,-64941,4362537,871970,4842558
381,1616397565354,nan,nan,nan,nan,nan,-1464,4362537,791195,4834380
382,1616397565558,nan,nan,nan,nan,nan,-1464,4362537,883325,4876812
383,1616397565797,nan,nan,nan,nan,nan,-1464,4362537,803525,4818810
384,1616397566029,nan,nan,nan,nan,nan,-1464,4362537,726315,4834380
385,1616397566250,nan,nan,nan,nan,nan,-1464,4362537,712690,4810638
386,1616397566456,nan,nan,nan,nan,nan,-488,4362293,947880,4790394
387,1616397566684,nan,nan,nan,nan,nan,-488,4362293,933280,4721880
388,1616397566897,nan,nan,nan,nan,nan,-488,4362293,1135380,4877202
389,1616397567125,nan,nan,nan,nan,nan,-488,4362293,1124350,4784946
390,1616397567339,nan,nan,nan,nan,nan,-1464,4362293,1013730,4818036
391,1616397567562,nan,nan,nan,nan,nan,-1464,4362293,917710,4818810
392,1616397567783,nan,nan,nan,nan,nan,-1464,4362293,927440,4907568
393,1616397567996,nan,nan,nan,nan,nan,-1464,4362293,999455,4858518
394,1616397568220,nan,nan,nan,nan,nan,-1464,4362293,689335,4893942
395,1616397568468,nan,nan,nan,nan,nan,-488,4362537,1243725,4881486
396,1616397568667,nan,nan,nan,nan,nan,-488,4362537,876835,4907958
397,1616397568837,nan,nan,nan,nan,nan,-488,4362537,548875,4942992
398,1616397568981,nan,nan,nan,nan,nan,-488,4362537,1057525,4793118
399,1616397569204,nan,nan,nan,nan,nan,-488,4362537,796060,4753026
400,1616397569424,nan,nan,nan,nan,nan,-488,4362537,943010,4833216
401,1616397569643,nan,nan,nan,nan,nan,-488,4362537,921280,4810248
402,1616397569853,nan,nan,nan,nan,nan,-488,4362537,658845,4857738
403,1616397570076,nan,nan,nan,nan,nan,-488,4362537,1115915,4930146
404,1616397570255,nan,nan,nan,nan,nan,-488,4362537,865160,4804800
405,1616397570477,nan,nan,nan,nan,nan,-488,4362293,931010,4863966
406,1616397570696,nan,nan,nan,nan,nan,-488,4362293,810335,4820760
407,1616397570909,nan,nan,nan,nan,nan,-488,4362293,914465,4836720
408,1616397571104,nan,nan,nan,nan,nan,-488,4362293,935550,4809468
409,1616397571302,nan,nan,nan,nan,nan,0,4362293,904410,4796232
410,1616397571518,nan,nan,nan,nan,nan,0,4362293,934255,4775994
411,1616397571736,nan,nan,nan,nan,nan,0,4362293,880730,4787670
412,1616397571955,nan,nan,nan,nan,nan,0,4362293,884295,4788060
413,1616397572181,nan,nan,nan,nan,nan,0,4362293,953715,4849566
414,1616397572388,nan,nan,nan,nan,nan,0,4363025,809360,4855014
415,1616397572593,nan,nan,nan,nan,nan,0,4363025,1064660,4872918
416,1616397572800,nan,nan,nan,nan,nan,0,4363025,610185,4843728
417,1616397573011,nan,nan,nan,nan,nan,0,4363025,665655,4726554
418,1616397573188,nan,nan,nan,nan,nan,0,4363025,906680,4951944
419,1616397573374,nan,nan,nan,nan,nan,-64941,4362537,1265460,4860072
420,1616397573606,nan,nan,nan,nan,nan,-64941,4362537,1021840,4849176
421,1616397573818,nan,nan,nan,nan,nan,-64941,4362537,841475,4848396
422,1616397574039,nan,nan,nan,nan,nan,-64941,4362537,962800,4884210
423,1616397574250,nan,nan,nan,nan,nan,-64941,4362537,836285,4879926
424,1616397574453,nan,nan,nan,nan,nan,-1464,4362049,1129215,4889268
425,1616397574654,nan,nan,nan,nan,nan,-1464,4362049,965720,4865136
426,1616397574876,nan,nan,nan,nan,nan,-1464,4362049,912845,4855404
427,1616397575099,nan,nan,nan,nan,nan,-1464,4362049,1006270,4876422
428,1616397575314,nan,nan,nan,nan,nan,-488,4362293,1019570,4828542
429,1616397575539,nan,nan,nan,nan,nan,-488,4362293,917710,4891608
430,1616397575777,nan,nan,nan,nan,nan,-488,4362293,895325,4863576
431,1616397576011,nan,nan,nan,nan,nan,-488,4362293,877810,4753416
432,1616397576243,nan,nan,nan,nan,nan,-488,4362293,1158410,4862802
433,1616397576463,nan,nan,nan,nan,nan,-1464,4362049,1051360,4800906
434,1616397576679,nan,nan,nan,nan,nan,-1464,4362049,915115,4848396
435,1616397576898,nan,nan,nan,nan,nan,-1464,4362049,948850,4802460
436,1616397577121,nan,nan,nan,nan,nan,-1464,4362049,1030275,4837884
437,1616397577364,nan,nan,nan,nan,nan,-488,4362049,1183065,4886934
438,1616397577583,nan,nan,nan,nan,nan,-488,4362049,703285,4912626
439,1616397577784,nan,nan,nan,nan,nan,-488,4362049,776600,4807914
440,1616397577998,nan,nan,nan,nan,nan,-488,4362049,959555,4879152
441,1616397578218,nan,nan,nan,nan,nan,-488,4362049,1093855,4812972
442,1616397578445,nan,nan,nan,nan,nan,-1464,4362781,854455,4820760
443,1616397578657,nan,nan,nan,nan,nan,-1464,4362781,777570,4892382
444,1616397578891,nan,nan,nan,nan,nan,-1464,4362781,992645,4854234
445,1616397579098,nan,nan,nan,nan,nan,-1464,4362781,877485,4837884
446,1616397579342,nan,nan,nan,nan,nan,0,4362537,776920,4823484
447,1616397579558,nan,nan,nan,nan,nan,0,4362537,883970,4802076
448,1616397579775,nan,nan,nan,nan,nan,0,4362537,763300,4834380
449,1616397579982,nan,nan,nan,nan,nan,0,4362537,989400,4881096
450,1616397580200,nan,nan,nan,nan,nan,0,4362537,1133755,4839444
451,1616397580416,nan,nan,nan,nan,nan,-64941,4362293,885270,4975692
452,1616397580637,nan,nan,nan,nan,nan,-64941,4362293,841150,4790784
453,1616397580868,nan,nan,nan,nan,nan,-64941,4362293,933930,4814142
454,1616397581084,nan,nan,nan,nan,nan,-64941,4362293,807415,4824648
455,1616397581298,nan,nan,nan,nan,nan,-64941,4362781,928090,4817256
456,1616397581497,nan,nan,nan,nan,nan,-64941,4362781,782115,4875648
457,1616397581716,nan,nan,nan,nan,nan,-64941,4362781,611155,4862802
458,1616397581929,nan,nan,nan,nan,nan,-64941,4362781,659815,4886934
459,1616397582109,nan,nan,nan,nan,nan,-64941,4362781,1045845,4976466
460,1616397582291,nan,nan,nan,nan,nan,-488,4362049,1125320,4865136
461,1616397582517,nan,nan,nan,nan,nan,-488,4362049,965070,4854234
462,1616397582743,nan,nan,nan,nan,nan,-488,4362049,864510,4887714
463,1616397582969,nan,nan,nan,nan,nan,-488,4362049,937175,4809468
464,1616397583177,nan,nan,nan,nan,nan,-488,4362049,925820,4804410
465,1616397583394,nan,nan,nan,nan,nan,-1464,4362293,620890,4893552
466,1616397583626,nan,nan,nan,nan,nan,-1464,4362293,789250,4850346
467,1616397583827,nan,nan,nan,nan,nan,-1464,4362293,985185,4818036
468,1616397584038,nan,nan,nan,nan,nan,-1464,4362293,1264485,4848006
469,1616397584255,nan,nan,nan,nan,nan,-488,4362537,1007565,4805190
470,1616397584460,nan,nan,nan,nan,nan,-488,4362537,938145,4784556
471,1616397584702,nan,nan,nan,nan,nan,-488,4362537,804495,4879926
472,1616397584933,nan,nan,nan,nan,nan,-488,4362537,911220,4746798
473,1616397585158,nan,nan,nan,nan,nan,-488,4362537,968640,4840614
474,1616397585381,nan,nan,nan,nan,nan,-488,4362293,1025410,4848006
475,1616397585600,nan,nan,nan,nan,nan,-488,4362293,1143490,4865526
476,1616397585815,nan,nan,nan,nan,nan,-488,4362293,1238860,4845282
477,1616397586050,nan,nan,nan,nan,nan,-488,4362293,805145,4879152
478,1616397586261,nan,nan,nan,nan,nan,0,4362049,686090,4911456
479,1616397586486,nan,nan,nan,nan,nan,0,4362049,602075,4822314
480,1616397586669,nan,nan,nan,nan,nan,0,4362049,668575,4897836
481,1616397586882,nan,nan,nan,nan,nan,0,4362049,1060765,4861632
482,1616397587106,nan,nan,nan,nan,nan,0,4362049,894030,4798182
483,1616397587325,nan,nan,nan,nan,nan,-65917,4362293,1042600,4857738
484,1616397587541,nan,nan,nan,nan,nan,-65917,4362293,858345,4865136
485,1616397587769,nan,nan,nan,nan,nan,-65917,4362293,845695,4812192
486,1616397587967,nan,nan,nan,nan,nan,-65917,4362293,1055900,4767426
487,1616397588182,nan,nan,nan,nan,nan,-65917,4362293,844720,4790004
488,1616397588391,nan,nan,nan,nan,nan,-488,4362537,817795,4869420
489,1616397588604,nan,nan,nan,nan,nan,-488,4362537,762650,4825428
490,1616397588816,nan,nan,nan,nan,nan,-488,4362537,700365,4804020
491,1616397589035,nan,nan,nan,nan,nan,-488,4362537,747400,4803240
492,1616397589236,nan,nan,nan,nan,nan,-1464,4362293,966695,4876422
493,1616397589485,nan,nan,nan,nan,nan,-1464,4362293,650085,4835160
494,1616397589703,nan,nan,nan,nan,nan,-1464,4362293,904735,4885380
495,1616397589920,nan,nan,nan,nan,nan,-1464,4362293,792820,4804800
496,1616397590113,nan,nan,nan,nan,nan,-1464,4362293,939445,4790784
497,1616397590320,nan,nan,nan,nan,nan,-976,4362781,849260,4841388
498,1616397590540,nan,nan,nan,nan,nan,-976,4362781,950800,4824264
499,1616397590763,nan,nan,nan,nan,nan,-976,4362781,1175280,4869804
500,1616397590984,nan,nan,nan,nan,nan,-976,4362781,842125,4872918
501,1616397591193,nan,nan,nan,nan,nan,-976,4362537,688685,4835940
502,1616397591417,nan,nan,nan,nan,nan,-488,4362537,1016325,4813362
503,1616397591634,nan,nan,nan,nan,nan,-488,4362537,959555,4879536
504,1616397591837,nan,nan,nan,nan,nan,-488,4362537,824285,4811418
505,1616397592068,nan,nan,nan,nan,nan,-488,4362537,1016650,4891998
506,1616397592267,nan,nan,nan,nan,nan,0,4362537,701665,4908342
507,1616397592464,nan,nan,nan,nan,nan,0,4362537,720155,4920024
508,1616397592659,nan,nan,nan,nan,nan,0,4362537,643595,4836330
509,1616397592823,nan,nan,nan,nan,nan,0,4362537,441500,4941822
510,1616397593029,nan,nan,nan,nan,nan,0,4362537,807415,4874088
511,1616397593232,nan,nan,nan,nan,nan,-64941,4362781,214100,5021622
512,1616397593359,nan,nan,nan,nan,nan,-64941,4362781,689335,4898610
513,1616397593411,nan,nan,nan,nan,nan,-64941,4362781,584880,4909122
514,1616397593461,nan,nan,nan,nan,nan,-64941,4362781,532005,5029410
515,1616397593512,nan,nan,nan,nan,nan,-64941,4362781,255945,5039922
516,1616397593559,nan,nan,nan,nan,nan,-64941,4362781,472965,4940268
517,1616397593610,nan,nan,nan,nan,nan,-64941,4362781,264055,5023182
518,1616397593660,nan,nan,nan,nan,nan,-64941,4362781,1022490,5027076
519,1616397593727,nan,nan,nan,nan,nan,-64941,4362781,501510,4982694
520,1616397593799,nan,nan,nan,nan,nan,-64941,4362781,945930,4890828
521,1616397593954,nan,nan,nan,nan,nan,-64941,4362781,659815,4911072
522,1616397594129,nan,nan,nan,nan,nan,-64941,4362781,988105,4821534
523,1616397594268,nan,nan,nan,nan,nan,-1464,4362537,920955,4778328
524,1616397594430,nan,nan,nan,nan,nan,-1464,4362537,735075,4874868
525,1616397594585,nan,nan,nan,nan,nan,-1464,4362537,1046170,4873308
526,1616397594726,nan,nan,nan,nan,nan,-1464,4362537,1120130,4815306
527,1616397594881,nan,nan,nan,nan,nan,-1464,4362537,1027030,4843338
528,1616397595054,nan,nan,nan,nan,nan,-1464,4362537,786330,4867860
529,1616397595215,nan,nan,nan,nan,nan,-488,4362781,951770,4717602
530,1616397595391,nan,nan,nan,nan,nan,-488,4362781,1031250,4890438
531,1616397595562,nan,nan,nan,nan,nan,-488,4362781,975125,4878372
532,1616397595725,nan,nan,nan,nan,nan,-488,4362781,866130,4831656
533,1616397595936,nan,nan,nan,nan,nan,-488,4362781,872295,4868250
534,1616397596158,nan,nan,nan,nan,nan,-488,4362781,569635,4889658
535,1616397596363,nan,nan,nan,nan,nan,-1464,4362537,1048115,4826988
536,1616397596577,nan,nan,nan,nan,nan,-1464,4362537,936525,4803240
537,1616397596760,nan,nan,nan,nan,nan,-1464,4362537,813255,4917300
538,1616397596980,nan,nan,nan,nan,nan,-1464,4362537,719830,4796622
539,1616397597191,nan,nan,nan,nan,nan,-488,4362293,795415,4908732
540,1616397597409,nan,nan,nan,nan,nan,-488,4362293,760705,4869804
541,1616397597604,nan,nan,nan,nan,nan,-488,4362293,963125,4815696
542,1616397597802,nan,nan,nan,nan,nan,-488,4362293,1095800,4818810
543,1616397597971,nan,nan,nan,nan,nan,-488,4362293,1309900,4790394
544,1616397598196,nan,nan,nan,nan,nan,-488,4362293,903110,4812582
545,1616397598413,nan,nan,nan,nan,nan,-488,4362293,752595,4856574
546,1616397598640,nan,nan,nan,nan,nan,-488,4362293,976750,4809078
547,1616397598858,nan,nan,nan,nan,nan,-488,4362293,662410,4883040
548,1616397599044,nan,nan,nan,nan,nan,-488,4362293,887215,4849176
549,1616397599249,nan,nan,nan,nan,nan,0,4362537,1061415,4901340
550,1616397599445,nan,nan,nan,nan,nan,0,4362537,686415,4888884
551,1616397599659,nan,nan,nan,nan,nan,0,4362537,842775,4804800
552,1616397599882,nan,nan,nan,nan,nan,0,4362537,763945,4804410
553,1616397600065,nan,nan,nan,nan,nan,0,4362537,860615,4835160
554,1616397600267,nan,nan,nan,nan,nan,-488,4362293,1020220,4824264
555,1616397600476,nan,nan,nan,nan,nan,-488,4362293,658520,4897056
556,1616397600698,nan,nan,nan,nan,nan,-488,4362293,862240,4825428
557,1616397600928,nan,nan,nan,nan,nan,-488,4362293,989725,4830492
558,1616397601110,nan,nan,nan,nan,nan,-488,4362293,1017945,4677504
559,1616397601323,nan,nan,nan,nan,nan,-488,4362537,843750,4855014
560,1616397601538,nan,nan,nan,nan,nan,-488,4362537,1077960,4863966
561,1616397601756,nan,nan,nan,nan,nan,-488,4362537,824285,4902894
562,1616397601978,nan,nan,nan,nan,nan,-488,4362537,815200,4795842
563,1616397602202,nan,nan,nan,nan,nan,-488,4362537,828825,4898610
564,1616397602426,nan,nan,nan,nan,nan,-488,4362537,824610,4880316
565,1616397602625,nan,nan,nan,nan,nan,-488,4362537,894030,4800906
566,1616397602842,nan,nan,nan,nan,nan,-488,4362537,1185010,4897836
567,1616397603030,nan,nan,nan,nan,nan,-488,4362537,701340,4975692
568,1616397603226,nan,nan,nan,nan,nan,-488,4362781,618295,4873308
569,1616397603430,nan,nan,nan,nan,nan,-488,4362781,622835,4906788
570,1616397603648,nan,nan,nan,nan,nan,-488,4362781,746105,4853460
571,1616397603836,nan,nan,nan,nan,nan,-488,4362781,885920,4860852
572,1616397604034,nan,nan,nan,nan,nan,-488,4362781,1119160,4849176
573,1616397604244,nan,nan,nan,nan,nan,0,4362537,1109100,4812582
574,1616397604451,nan,nan,nan,nan,nan,0,4362537,659490,4915350
575,1616397604667,nan,nan,nan,nan,nan,0,4362537,956310,4860852
576,1616397604872,nan,nan,nan,nan,nan,0,4362537,997835,4832436
577,1616397605093,nan,nan,nan,nan,nan,0,4362537,879430,4872918
578,1616397605284,nan,nan,nan,nan,nan,-64941,4362049,961505,4784946
579,1616397605467,nan,nan,nan,nan,nan,-64941,4362049,1484100,4842168
580,1616397605656,nan,nan,nan,nan,nan,-64941,4362049,932955,4821150
581,1616397605872,nan,nan,nan,nan,nan,-64941,4362049,856400,4786500
582,1616397606074,nan,nan,nan,nan,nan,-64941,4362049,773355,4948440
583,1616397606295,nan,nan,nan,nan,nan,-488,4362537,776600,4841778
584,1616397606471,nan,nan,nan,nan,nan,-488,4362537,879430,4842558
585,1616397606672,nan,nan,nan,nan,nan,-488,4362537,1140245,4830492
586,1616397606875,nan,nan,nan,nan,nan,-488,4362537,887540,4889268
587,1616397607074,nan,nan,nan,nan,nan,-488,4362537,679930,4888494
588,1616397607263,nan,nan,nan,nan,nan,-1464,4362293,881375,4853844
589,1616397607451,nan,nan,nan,nan,nan,-1464,4362293,713015,4863966
590,1616397607641,nan,nan,nan,nan,nan,-1464,4362293,726640,4880316
591,1616397607835,nan,nan,nan,nan,nan,-1464,4362293,849260,4864356
592,1616397608028,nan,nan,nan,nan,nan,-1464,4362293,736050,4856574
593,1616397608219,nan,nan,nan,nan,nan,-488,4362293,659490,4814532
594,1616397608431,nan,nan,nan,nan,nan,-488,4362293,712370,4874088
595,1616397608629,nan,nan,nan,nan,nan,-488,4362293,986480,4881876
596,1616397608813,nan,nan,nan,nan,nan,-488,4362293,773355,4815696
597,1616397609005,nan,nan,nan,nan,nan,-488,4362293,825580,4902504
598,1616397609213,nan,nan,nan,nan,nan,-1464,4362293,677660,4879926
599,1616397609408,nan,nan,nan,nan,nan,-1464,4362293,851855,4805574
600,1616397609606,nan,nan,nan,nan,nan,-1464,4362293,800280,4849566
601,1616397609817,nan,nan,nan,nan,nan,-1464,4362293,1088665,4844112
602,1616397610018,nan,nan,nan,nan,nan,-1464,4362293,742535,4857738
603,1616397610227,nan,nan,nan,nan,nan,-488,4362049,679930,4890438
604,1616397610414,nan,nan,nan,nan,nan,-488,4362049,910895,4846842
605,1616397610634,nan,nan,nan,nan,nan,-488,4362049,866780,4903284
606,1616397610865,nan,nan,nan,nan,nan,-488,4362049,664680,4832826
607,1616397611069,nan,nan,nan,nan,nan,-488,4362049,409385,4939878
608,1616397611252,nan,nan,nan,nan,nan,0,4362537,853155,4823094
609,1616397611472,nan,nan,nan,nan,nan,0,4362537,810010,4916520
610,1616397611661,nan,nan,nan,nan,nan,0,4362537,860290,4872534
611,1616397611860,nan,nan,nan,nan,nan,0,4362537,712370,4889658
612,1616397612045,nan,nan,nan,nan,nan,0,4362537,866780,4884990
613,1616397612251,nan,nan,nan,nan,nan,-64941,4362781,860615,4878372
614,1616397612450,nan,nan,nan,nan,nan,-64941,4362781,787625,4917690
615,1616397612653,nan,nan,nan,nan,nan,-64941,4362781,768165,4853844
616,1616397612852,nan,nan,nan,nan,nan,-64941,4362781,498915,4906008
617,1616397613048,nan,nan,nan,nan,nan,-64941,4362781,633865,4861242
618,1616397613221,nan,nan,nan,nan,nan,0,4362537,582935,4874088
619,1616397613434,nan,nan,nan,nan,nan,0,4362537,831745,4888494
620,1616397613623,nan,nan,nan,nan,nan,0,4362537,849910,4914960
621,1616397613813,nan,nan,nan,nan,nan,0,4362537,689335,4879152
622,1616397613991,nan,nan,nan,nan,nan,0,4362537,575475,4900170
623,1616397614170,nan,nan,nan,nan,nan,-488,4362293,685120,4900950
624,1616397614350,nan,nan,nan,nan,nan,-488,4362293,548225,4946106
625,1616397614532,nan,nan,nan,nan,nan,-488,4362293,760055,4887324
626,1616397614712,nan,nan,nan,nan,nan,-488,4362293,634190,4842948
627,1616397614917,nan,nan,nan,nan,nan,-488,4362293,1206095,4942212
628,1616397615125,nan,nan,nan,nan,nan,0,4363025,711720,4888884
629,1616397615336,nan,nan,nan,nan,nan,0,4363025,765245,4891218
630,1616397615513,nan,nan,nan,nan,nan,0,4363025,1159385,4802460
631,1616397615713,nan,nan,nan,nan,nan,0,4363025,831420,4812192
632,1616397615904,nan,nan,nan,nan,nan,0,4363025,875540,4821150
633,1616397616106,nan,nan,nan,nan,nan,0,4362049,722750,4772880
634,1616397616315,nan,nan,nan,nan,nan,-488,4362049,983235,4816866
635,1616397616530,nan,nan,nan,nan,nan,-488,4362049,558930,4953114
636,1616397616750,nan,nan,nan,nan,nan,-488,4362049,513190,4907568
637,1616397616940,nan,nan,nan,nan,nan,-488,4362049,807090,4891218
638,1616397617154,nan,nan,nan,nan,nan,0,4362537,770760,4905228
639,1616397617353,nan,nan,nan,nan,nan,0,4362537,622835,4791564
640,1616397617577,nan,nan,nan,nan,nan,0,4362537,921280,4840224
641,1616397617778,nan,nan,nan,nan,nan,0,4362537,905060,4753416
642,1616397617986,nan,nan,nan,nan,nan,0,4362537,1061090,4842948
643,1616397618204,nan,nan,nan,nan,nan,0,4362537,1132135,4902114
644,1616397618415,nan,nan,nan,nan,nan,0,4362537,924195,4896276
645,1616397618598,nan,nan,nan,nan,nan,0,4362537,775625,4927032
646,1616397618814,nan,nan,nan,nan,nan,0,4362537,1035790,4847226
647,1616397618992,nan,nan,nan,nan,nan,0,4362537,1003675,4849176
648,1616397619214,nan,nan,nan,nan,nan,-64941,4362781,794765,4911456
649,1616397619418,nan,nan,nan,nan,nan,-64941,4362781,761025,4886934
650,1616397619632,nan,nan,nan,nan,nan,-64941,4362781,676685,4863576
651,1616397619808,nan,nan,nan,nan,nan,-64941,4362781,655600,4861632
652,1616397620012,nan,nan,nan,nan,nan,-64941,4362781,922575,4887714
653,1616397620204,nan,nan,nan,nan,nan,-488,4362781,605965,4928586
654,1616397620401,nan,nan,nan,nan,nan,-488,4362781,1011785,4937928
655,1616397620594,nan,nan,nan,nan,nan,-488,4362781,737670,4851900
656,1616397620809,nan,nan,nan,nan,nan,-488,4362781,666955,4874868
657,1616397621014,nan,nan,nan,nan,nan,-488,4362781,852180,4874868
658,1616397621245,nan,nan,nan,nan,nan,-1464,4362293,865480,4868640
659,1616397621446,nan,nan,nan,nan,nan,-1464,4362293,743835,4913016
660,1616397621636,nan,nan,nan,nan,nan,-1464,4362293,662735,4868640
661,1616397621839,nan,nan,nan,nan,nan,-1464,4362293,1065960,4844112
662,1616397622049,nan,nan,nan,nan,nan,-1464,4362293,697770,4921188
663,1616397622269,nan,nan,nan,nan,nan,-488,4362293,592015,4867860
664,1616397622468,nan,nan,nan,nan,nan,-488,4362293,805795,4909902
665,1616397622673,nan,nan,nan,nan,nan,-488,4362293,1117860,4893162
666,1616397622870,nan,nan,nan,nan,nan,-488,4362293,712370,4866306
667,1616397623056,nan,nan,nan,nan,nan,-488,4362293,578070,4889268
668,1616397623233,nan,nan,nan,nan,nan,-1464,4362293,766215,4933260
669,1616397623433,nan,nan,nan,nan,nan,-1464,4362293,923875,4841778
670,1616397623625,nan,nan,nan,nan,nan,-1464,4362293,812930,4857348
671,1616397623826,nan,nan,nan,nan,nan,-1464,4362293,698745,4859688
672,1616397624031,nan,nan,nan,nan,nan,-1464,4362293,709450,4849566
673,1616397624242,nan,nan,nan,nan,nan,0,4363025,742860,4853844
674,1616397624458,nan,nan,nan,nan,nan,0,4363025,773355,4901730
675,1616397624645,nan,nan,nan,nan,nan,0,4363025,940740,4904454
676,1616397624827,nan,nan,nan,nan,nan,0,4363025,936200,4924302
677,1616397625027,nan,nan,nan,nan,nan,0,4363025,980320,4880316
678,1616397625243,nan,nan,nan,nan,nan,-130371,4362049,831745,4829712
679,1616397625461,nan,nan,nan,nan,nan,-130371,4362049,1137975,4836720
680,1616397625682,nan,nan,nan,nan,nan,-130371,4362049,1132135,4862412
681,1616397625897,nan,nan,nan,nan,nan,-130371,4362049,991345,4800906
682,1616397626104,nan,nan,nan,nan,nan,-488,4362049,683820,4875258
683,1616397626310,nan,nan,nan,nan,nan,-488,4362049,905705,4828542
684,1616397626498,nan,nan,nan,nan,nan,-488,4362049,876510,4854234
685,1616397626680,nan,nan,nan,nan,nan,-488,4362049,787625,4942992
686,1616397626875,nan,nan,nan,nan,nan,-488,4362049,864835,4874868
687,1616397627055,nan,nan,nan,nan,nan,-488,4362537,733780,4882266
688,1616397627273,nan,nan,nan,nan,nan,-488,4362537,1059795,4809858
689,1616397627490,nan,nan,nan,nan,nan,-488,4362537,564770,4835160
690,1616397627682,nan,nan,nan,nan,nan,-488,4362537,1052010,4837500
691,1616397627896,nan,nan,nan,nan,nan,-488,4362537,973180,4862022
692,1616397628121,nan,nan,nan,nan,nan,-488,4362049,874240,4881876
693,1616397628326,nan,nan,nan,nan,nan,-488,4362049,911545,4854624
694,1616397628535,nan,nan,nan,nan,nan,-488,4362049,684795,4873698
695,1616397628739,nan,nan,nan,nan,nan,-488,4362049,748375,4840614
696,1616397628957,nan,nan,nan,nan,nan,-488,4362049,870350,4784166
697,1616397629182,nan,nan,nan,nan,nan,-488,4362293,622510,4879152
698,1616397629370,nan,nan,nan,nan,nan,-488,4362293,990050,4876422
699,1616397629572,nan,nan,nan,nan,nan,-488,4362293,687065,4928976
700,1616397629794,nan,nan,nan,nan,nan,-488,4362293,685445,4879536
701,1616397630023,nan,nan,nan,nan,nan,-488,4362293,587800,4828152
702,1616397630224,nan,nan,nan,nan,nan,0,4362537,726965,4810248
703,1616397630430,nan,nan,nan,nan,nan,0,4362537,552765,4729668
704,1616397630616,nan,nan,nan,nan,nan,0,4362537,983560,4894332
705,1616397630793,nan,nan,nan,nan,nan,0,4362537,993620,4854234
706,1616397631000,nan,nan,nan,nan,nan,0,4362537,1086395,4861632
707,1616397631218,nan,nan,nan,nan,nan,-64941,4362537,951770,4769376
708,1616397631428,nan,nan,nan,nan,nan,-64941,4362537,794115,4926252
709,1616397631629,nan,nan,nan,nan,nan,-64941,4362537,842125,4849566
710,1616397631839,nan,nan,nan,nan,nan,-64941,4362537,989400,4872534
711,1616397632037,nan,nan,nan,nan,nan,-64941,4362293,1005295,4862412
712,1616397632231,nan,nan,nan,nan,nan,-1464,4362293,826230,4913796
713,1616397632430,nan,nan,nan,nan,nan,-1464,4362293,925170,4834770
714,1616397632637,nan,nan,nan,nan,nan,-1464,4362293,744805,4866690
715,1616397632846,nan,nan,nan,nan,nan,-1464,4362293,1037085,4828542
716,1616397633052,nan,nan,nan,nan,nan,-488,4362049,734100,4831656
717,1616397633252,nan,nan,nan,nan,nan,-488,4362049,844070,4925472
718,1616397633461,nan,nan,nan,nan,nan,-488,4362049,923225,4825038
719,1616397633673,nan,nan,nan,nan,nan,-488,4362049,966045,4816086
720,1616397633886,nan,nan,nan,nan,nan,-488,4362049,860615,4819980
721,1616397634093,nan,nan,nan,nan,nan,-1464,4362537,837585,4921578
722,1616397634313,nan,nan,nan,nan,nan,-1464,4362537,902140,4906398
723,1616397634499,nan,nan,nan,nan,nan,-1464,4362537,945930,4838664
724,1616397634715,nan,nan,nan,nan,nan,-1464,4362537,1019895,4848786
725,1616397634928,nan,nan,nan,nan,nan,-1464,4362537,757785,4986978
726,1616397635117,nan,nan,nan,nan,nan,-488,4362537,915115,4877202
727,1616397635313,nan,nan,nan,nan,nan,-488,4362537,736695,4863966
728,1616397635537,nan,nan,nan,nan,nan,-488,4362537,1003350,4878372
729,1616397635747,nan,nan,nan,nan,nan,-488,4362537,1016325,4772100
730,1616397635970,nan,nan,nan,nan,nan,-488,4362537,1070175,4898610
731,1616397636172,nan,nan,nan,nan,nan,-488,4362781,1022490,4830492
732,1616397636399,nan,nan,nan,nan,nan,-488,4362781,629645,4886544
733,1616397636616,nan,nan,nan,nan,nan,-488,4362781,943335,4815696
734,1616397636820,nan,nan,nan,nan,nan,-488,4362781,491130,4957002
735,1616397637008,nan,nan,nan,nan,nan,-488,4362781,723720,4877592
736,1616397637213,nan,nan,nan,nan,nan,0,4362537,781465,4879926
737,1616397637436,nan,nan,nan,nan,nan,0,4362537,884945,4868250
738,1616397637659,nan,nan,nan,nan,nan,0,4362537,600775,4920414
739,1616397637871,nan,nan,nan,nan,nan,0,4362537,750970,4865526
740,1616397638052,nan,nan,nan,nan,nan,-488,4362537,794440,4892382
741,1616397638276,nan,nan,nan,nan,nan,-488,4362537,798980,4899000
742,1616397638494,nan,nan,nan,nan,nan,-488,4362537,910575,4888494
743,1616397638697,nan,nan,nan,nan,nan,-488,4362537,746430,4884600
744,1616397638879,nan,nan,nan,nan,nan,-488,4362537,1034815,4926642
745,1616397639067,nan,nan,nan,nan,nan,0,4362537,591695,4876422
746,1616397639262,nan,nan,nan,nan,nan,0,4362537,712690,4878372
747,1616397639463,nan,nan,nan,nan,nan,0,4362537,699715,4868640
748,1616397639676,nan,nan,nan,nan,nan,0,4362537,724045,4943766
749,1616397639897,nan,nan,nan,nan,nan,0,4362537,677980,4907958
750,1616397640097,nan,nan,nan,nan,nan,-488,4362537,681225,4898610
751,1616397640312,nan,nan,nan,nan,nan,-488,4362537,765895,4807524
752,1616397640527,nan,nan,nan,nan,nan,-488,4362537,748050,4835160
753,1616397640733,nan,nan,nan,nan,nan,-488,4362537,679280,4890048
754,1616397640947,nan,nan,nan,nan,nan,-488,4362537,673765,4880316
755,1616397641140,nan,nan,nan,nan,nan,-1464,4362537,655600,4863576
756,1616397641354,nan,nan,nan,nan,nan,-1464,4362537,924845,4874868
757,1616397641540,nan,nan,nan,nan,nan,-1464,4362537,696150,4858908
758,1616397641734,nan,nan,nan,nan,nan,-1464,4362537,857050,4937928
759,1616397641936,nan,nan,nan,nan,nan,-1464,4362537,766540,4892772
760,1616397642165,nan,nan,nan,nan,nan,-488,4362537,629000,4816476
761,1616397642367,nan,nan,nan,nan,nan,-488,4362537,667275,4820760
762,1616397642555,nan,nan,nan,nan,nan,-488,4362537,817470,4848006
763,1616397642763,nan,nan,nan,nan,nan,-488,4362537,666630,4840998
764,1616397642963,nan,nan,nan,nan,nan,-488,4362537,703610,4858518
765,1616397643178,nan,nan,nan,nan,nan,0,4362537,894030,4833606
766,1616397643374,nan,nan,nan,nan,nan,0,4362537,684795,4883040
767,1616397643570,nan,nan,nan,nan,nan,0,4362537,696150,4938318
768,1616397643753,nan,nan,nan,nan,nan,0,4362537,624780,4876812
769,1616397643936,nan,nan,nan,nan,nan,0,4362537,944310,4899780
770,1616397644158,nan,nan,nan,nan,nan,-488,4362293,914140,4884210
771,1616397644351,nan,nan,nan,nan,nan,-488,4362293,666955,4888494
772,1616397644539,nan,nan,nan,nan,nan,-488,4362293,769460,4872918
773,1616397644742,nan,nan,nan,nan,nan,-488,4362293,725345,4874478
774,1616397644942,nan,nan,nan,nan,nan,-488,4362293,628025,4864746
775,1616397645153,nan,nan,nan,nan,nan,-1464,4362293,773030,4912236
776,1616397645364,nan,nan,nan,nan,nan,-1464,4362293,652355,4886934
777,1616397645548,nan,nan,nan,nan,nan,-1464,4362293,860940,4870974
778,1616397645759,nan,nan,nan,nan,nan,-1464,4362293,794115,4904844
779,1616397645939,nan,nan,nan,nan,nan,-1464,4362293,637435,4802076
780,1616397646159,nan,nan,nan,nan,nan,0,4362049,842125,4881876
781,1616397646353,nan,nan,nan,nan,nan,0,4362049,737995,4877592
782,1616397646559,nan,nan,nan,nan,nan,0,4362049,751620,4847616
783,1616397646773,nan,nan,nan,nan,nan,0,4362049,683495,4864356
784,1616397646998,nan,nan,nan,nan,nan,-488,4362537,804820,4841778
785,1616397647198,nan,nan,nan,nan,nan,-488,4362537,601100,4925082
786,1616397647399,nan,nan,nan,nan,nan,-488,4362537,981615,4935984
787,1616397647592,nan,nan,nan,nan,nan,-488,4362537,699715,4845282
788,1616397647794,nan,nan,nan,nan,nan,-488,4362537,733130,4897056
789,1616397648014,nan,nan,nan,nan,nan,-488,4362293,597855,4906398
790,1616397648203,nan,nan,nan,nan,nan,-488,4362293,674740,4955448
791,1616397648394,nan,nan,nan,nan,nan,-488,4362293,632240,4898226
792,1616397648573,nan,nan,nan,nan,nan,-488,4362293,781140,4845282
793,1616397648797,nan,nan,nan,nan,nan,-488,4362293,651705,4833996
794,1616397648991,nan,nan,nan,nan,nan,0,4362537,896300,4916520
795,1616397649215,nan,nan,nan,nan,nan,0,4362537,834665,4804410
796,1616397649394,nan,nan,nan,nan,nan,0,4362537,396085,4874868
797,1616397649618,nan,nan,nan,nan,nan,0,4362537,923550,4864746
798,1616397649827,nan,nan,nan,nan,nan,0,4362537,777245,4822704
799,1616397650045,nan,nan,nan,nan,nan,-65917,4362049,1170090,4826208
800,1616397650255,nan,nan,nan,nan,nan,-65917,4362049,920305,4886544
801,1616397650481,nan,nan,nan,nan,nan,-65917,4362049,762650,4812192
802,1616397650700,nan,nan,nan,nan,nan,-65917,4362049,1111375,4890048
803,1616397650921,nan,nan,nan,nan,nan,-65917,4362049,435010,4913796
804,1616397651106,nan,nan,nan,nan,nan,-488,4362537,597210,4837500
805,1616397651268,nan,nan,nan,nan,nan,-488,4362537,714965,4802460
806,1616397651477,nan,nan,nan,nan,nan,-488,4362537,914140,4851510
807,1616397651675,nan,nan,nan,nan,nan,-488,4362537,851855,4788060
808,1616397651864,nan,nan,nan,nan,nan,-488,4362537,858020,4842948
809,1616397652072,nan,nan,nan,nan,nan,-1464,4362293,911220,4772880
810,1616397652301,nan,nan,nan,nan,nan,-1464,4362293,860615,4830492
811,1616397652527,nan,nan,nan,nan,nan,-1464,4362293,737345,4846452
812,1616397652751,nan,nan,nan,nan,nan,-1464,4362293,888515,4854234
813,1616397652965,nan,nan,nan,nan,nan,-488,4362293,1015350,4812972
814,1616397653176,nan,nan,nan,nan,nan,-488,4362293,634190,4765872
815,1616397653382,nan,nan,nan,nan,nan,-488,4362293,652355,4844112
816,1616397653595,nan,nan,nan,nan,nan,-488,4362293,1038710,4807524
817,1616397653835,nan,nan,nan,nan,nan,-488,4362293,956310,4805574
818,1616397654047,nan,nan,nan,nan,nan,-488,4362781,981615,4812972
819,1616397654262,nan,nan,nan,nan,nan,-488,4362781,767840,4826988
820,1616397654484,nan,nan,nan,nan,nan,-488,4362781,1116565,4880316
821,1616397654718,nan,nan,nan,nan,nan,-488,4362781,779840,4842948
822,1616397654940,nan,nan,nan,nan,nan,-488,4362293,982915,4763148
823,1616397655149,nan,nan,nan,nan,nan,0,4362293,970910,4871754
824,1616397655362,nan,nan,nan,nan,nan,0,4362293,988425,4809078
825,1616397655570,nan,nan,nan,nan,nan,0,4362293,1035140,4789614
826,1616397655769,nan,nan,nan,nan,nan,0,4362293,821040,4876812
827,1616397655980,nan,nan,nan,nan,nan,0,4362049,899870,4860852
828,1616397656189,nan,nan,nan,nan,nan,0,4362049,638405,4907958
829,1616397656373,nan,nan,nan,nan,nan,0,4362049,941065,4887324
830,1616397656575,nan,nan,nan,nan,nan,0,4362049,878460,4874868
831,1616397656792,nan,nan,nan,nan,nan,0,4362049,798010,4816866
832,1616397657018,nan,nan,nan,nan,nan,0,4362537,716585,4883430
833,1616397657212,nan,nan,nan,nan,nan,0,4362537,709125,4887714
834,1616397657402,nan,nan,nan,nan,nan,0,4362537,1016975,4905228
835,1616397657583,nan,nan,nan,nan,nan,0,4362537,703610,4930920
836,1616397657793,nan,nan,nan,nan,nan,0,4362537,141435,5066388
837,1616397658010,nan,nan,nan,nan,nan,-488,4362293,88555,5064834
838,1616397658210,nan,nan,nan,nan,nan,-488,4362293,87260,5075730
839,1616397658410,nan,nan,nan,nan,nan,-488,4362293,84015,5074566
840,1616397658590,nan,nan,nan,nan,nan,-488,4362293,82395,5044590
841,1616397658756,nan,nan,nan,nan,nan,-488,4362293,87260,5078844
842,1616397658952,nan,nan,nan,nan,nan,-1464,4362293,132675,5079234
843,1616397659169,nan,nan,nan,nan,nan,-1464,4362293,81095,5079624
844,1616397659371,nan,nan,nan,nan,nan,-1464,4362293,77530,5077680
845,1616397659570,nan,nan,nan,nan,nan,-1464,4362293,78175,5073006
846,1616397659770,nan,nan,nan,nan,nan,-1464,4362293,77530,5074956
847,1616397659950,nan,nan,nan,nan,nan,-488,4362537,77205,5078844
848,1616397660150,nan,nan,nan,nan,nan,-488,4362537,76880,5071062
849,1616397660371,nan,nan,nan,nan,nan,-488,4362537,77205,5079234
850,1616397660569,nan,nan,nan,nan,nan,-488,4362537,74935,5078844
851,1616397660770,nan,nan,nan,nan,nan,-488,4362537,76555,5074956
852,1616397660951,nan,nan,nan,nan,nan,-1464,4362537,75255,5078070
853,1616397661169,nan,nan,nan,nan,nan,-1464,4362537,75580,5079624
854,1616397661351,nan,nan,nan,nan,nan,-1464,4362537,72985,5076510
855,1616397661550,nan,nan,nan,nan,nan,-1464,4362537,72985,5075346
856,1616397661731,nan,nan,nan,nan,nan,-1464,4362537,72335,5078460
857,1616397661929,nan,nan,nan,nan,nan,-1464,4362537,72335,5079234
858,1616397662131,nan,nan,nan,nan,nan,0,4362537,72015,5064834
859,1616397662330,nan,nan,nan,nan,nan,0,4362537,70390,5076900
860,1616397662510,nan,nan,nan,nan,nan,0,4362537,137865,5066388
861,1616397662690,nan,nan,nan,nan,nan,0,4362537,70715,5078460
862,1616397662891,nan,nan,nan,nan,nan,0,4362537,72335,5081184
863,1616397663111,nan,nan,nan,nan,nan,-65917,4362537,70715,5076510
864,1616397663310,nan,nan,nan,nan,nan,-65917,4362537,69740,5053152
865,1616397663509,nan,nan,nan,nan,nan,-65917,4362537,69420,5073006
866,1616397663691,nan,nan,nan,nan,nan,-65917,4362537,70390,5081184
867,1616397663890,nan,nan,nan,nan,nan,-65917,4362537,69740,5081184
868,1616397664070,nan,nan,nan,nan,nan,-488,4362049,68445,5076120
869,1616397664269,nan,nan,nan,nan,nan,-488,4362049,67795,5079624
870,1616397664489,nan,nan,nan,nan,nan,-488,4362049,67145,5081184
871,1616397664710,nan,nan,nan,nan,nan,-488,4362049,66500,5080014
872,1616397664910,nan,nan,nan,nan,nan,-488,4362049,67470,5080404
873,1616397665129,nan,nan,nan,nan,nan,-1464,4362049,67470,5080014
874,1616397665350,nan,nan,nan,nan,nan,-1464,4362049,113860,5067948
875,1616397665529,nan,nan,nan,nan,nan,-1464,4362049,114185,5066778
876,1616397665710,nan,nan,nan,nan,nan,-1464,4362049,118725,5068728
877,1616397665909,nan,nan,nan,nan,nan,-1464,4362293,149870,5054712
878,1616397666128,nan,nan,nan,nan,nan,0,4362293,143055,5061720
879,1616397666310,nan,nan,nan,nan,nan,0,4362293,305900,5036418
880,1616397666489,nan,nan,nan,nan,nan,0,4362293,104130,5081574
881,1616397666690,nan,nan,nan,nan,nan,0,4362293,66500,5055882
882,1616397666871,nan,nan,nan,nan,nan,0,4362293,127160,5081574
883,1616397667090,nan,nan,nan,nan,nan,-488,4362537,66500,5072616
884,1616397667290,nan,nan,nan,nan,nan,-488,4362537,92450,5081184
885,1616397667487,nan,nan,nan,nan,nan,-488,4362537,70065,5080404
886,1616397667691,nan,nan,nan,nan,nan,-488,4362537,95370,5080014
887,1616397667890,nan,nan,nan,nan,nan,-488,4362537,80125,5073396
888,1616397668108,nan,nan,nan,nan,nan,-1464,4362049,64230,5081958
889,1616397668311,nan,nan,nan,nan,nan,-1464,4362049,65200,5081184
890,1616397668492,nan,nan,nan,nan,nan,-1464,4362049,64230,5080404
891,1616397668710,nan,nan,nan,nan,nan,-1464,4362049,63905,5083128
892,1616397668929,nan,nan,nan,nan,nan,-64941,4362293,64875,5080404
893,1616397669129,nan,nan,nan,nan,nan,-64941,4362293,64550,5076900
894,1616397669350,nan,nan,nan,nan,nan,-64941,4362293,62930,5059380
895,1616397669551,nan,nan,nan,nan,nan,-64941,4362293,65525,5081574
896,1616397669711,nan,nan,nan,nan,nan,-64941,4362293,62605,5076120
897,1616397669929,nan,nan,nan,nan,nan,-1464,4362293,65525,5081958
898,1616397670149,nan,nan,nan,nan,nan,-1464,4362293,113860,5067168
899,1616397670369,nan,nan,nan,nan,nan,-1464,4362293,62605,5081574
900,1616397670570,nan,nan,nan,nan,nan,-1464,4362293,64875,5076120
901,1616397670770,nan,nan,nan,nan,nan,-1464,4362293,64230,5080014
902,1616397670989,nan,nan,nan,nan,nan,0,4362537,131700,5082348
903,1616397671190,nan,nan,nan,nan,nan,0,4362537,64230,5081184
904,1616397671410,nan,nan,nan,nan,nan,0,4362537,237130,5062884
905,1616397671610,nan,nan,nan,nan,nan,0,4362537,62930,5078460
906,1616397671809,nan,nan,nan,nan,nan,0,4362537,62605,5081184
907,1616397672010,nan,nan,nan,nan,nan,-1464,4362049,61955,5081184
908,1616397672230,nan,nan,nan,nan,nan,-1464,4362049,62930,5081958
909,1616397672430,nan,nan,nan,nan,nan,-1464,4362049,63580,5081574
910,1616397672594,nan,nan,nan,nan,nan,-1464,4362049,184580,5015004
911,1616397672789,nan,nan,nan,nan,nan,-1464,4362049,63905,5081574
912,1616397672990,nan,nan,nan,nan,nan,0,4363025,60335,5082348
913,1616397673189,nan,nan,nan,nan,nan,0,4363025,61310,5078070
914,1616397673390,nan,nan,nan,nan,nan,0,4363025,62930,5084298
915,1616397673590,nan,nan,nan,nan,nan,0,4363025,62280,5081574
916,1616397673790,nan,nan,nan,nan,nan,0,4363025,136890,5066778
917,1616397673971,nan,nan,nan,nan,nan,-488,4362781,61630,5077680
918,1616397674189,nan,nan,nan,nan,nan,-488,4362781,61310,5080794
919,1616397674390,nan,nan,nan,nan,nan,-488,4362781,60335,5083518
920,1616397674591,nan,nan,nan,nan,nan,-488,4362781,63905,5081958
921,1616397674790,nan,nan,nan,nan,nan,-488,4362781,107050,5064444
922,1616397675009,nan,nan,nan,nan,nan,-1464,4362537,61955,5081958
923,1616397675229,nan,nan,nan,nan,nan,-1464,4362537,93100,5082738
924,1616397675431,nan,nan,nan,nan,nan,-1464,4362537,62280,5080014
925,1616397675629,nan,nan,nan,nan,nan,-1464,4362537,60660,5081574
926,1616397675831,nan,nan,nan,nan,nan,-1464,4362537,104130,5084298
927,1616397676050,nan,nan,nan,nan,nan,-488,4362537,61310,5081958
928,1616397676270,nan,nan,nan,nan,nan,-488,4362537,60660,5067558
929,1616397676471,nan,nan,nan,nan,nan,-488,4362537,61310,5081958
930,1616397676670,nan,nan,nan,nan,nan,-488,4362537,59035,5082348
931,1616397676872,nan,nan,nan,nan,nan,0,4362293,109320,5063664
932,1616397677071,nan,nan,nan,nan,nan,0,4362293,132675,5076900
933,1616397677252,nan,nan,nan,nan,nan,0,4362293,60010,5082738
934,1616397677450,nan,nan,nan,nan,nan,0,4362293,60985,5078844
935,1616397677650,nan,nan,nan,nan,nan,0,4362293,60985,5079624
936,1616397677850,nan,nan,nan,nan,nan,0,4362293,118725,5082348
937,1616397678070,nan,nan,nan,nan,nan,-488,4362293,59360,5063664
938,1616397678250,nan,nan,nan,nan,nan,-488,4362293,59685,5051598
939,1616397678449,nan,nan,nan,nan,nan,-488,4362293,59685,5082348
940,1616397678630,nan,nan,nan,nan,nan,-488,4362293,59360,5082348
941,1616397678849,nan,nan,nan,nan,nan,-488,4362293,63255,5081184
942,1616397679032,nan,nan,nan,nan,nan,0,4362537,58715,5082738
943,1616397679211,nan,nan,nan,nan,nan,0,4362537,59685,5083908
944,1616397679411,nan,nan,nan,nan,nan,0,4362537,59035,5081958
945,1616397679609,nan,nan,nan,nan,nan,0,4362537,59360,5082348
946,1616397679810,nan,nan,nan,nan,nan,0,4362537,164790,5083908
947,1616397680029,nan,nan,nan,nan,nan,0,4362537,125865,5069112
948,1616397680211,nan,nan,nan,nan,nan,0,4362537,59360,5081184
949,1616397680390,nan,nan,nan,nan,nan,0,4362537,58065,5067948
950,1616397680591,nan,nan,nan,nan,nan,0,4362537,60985,5082348
951,1616397680789,nan,nan,nan,nan,nan,0,4362537,152465,5084688
952,1616397680989,nan,nan,nan,nan,nan,0,4362537,58715,5082348
953,1616397681190,nan,nan,nan,nan,nan,0,4362537,58715,5077290
954,1616397681390,nan,nan,nan,nan,nan,0,4362537,59360,5083128
955,1616397681591,nan,nan,nan,nan,nan,0,4362537,60335,5082738
956,1616397681789,nan,nan,nan,nan,nan,0,4362537,59035,5082738
957,1616397682007,nan,nan,nan,nan,nan,-65917,4362537,56765,5082738
958,1616397682230,nan,nan,nan,nan,nan,-65917,4362537,58715,5076120
959,1616397682449,nan,nan,nan,nan,nan,-65917,4362537,58715,5083518
960,1616397682669,nan,nan,nan,nan,nan,-65917,4362537,58065,5083128
961,1616397682871,nan,nan,nan,nan,nan,-488,4362781,59685,5077290
962,1616397683070,nan,nan,nan,nan,nan,-488,4362781,57415,5082738
963,1616397683270,nan,nan,nan,nan,nan,-488,4362781,58065,5071062
964,1616397683490,nan,nan,nan,nan,nan,-488,4362781,58390,5051208
965,1616397683690,nan,nan,nan,nan,nan,-488,4362781,57090,5081184
966,1616397683872,nan,nan,nan,nan,nan,0,4362293,80125,5082348
967,1616397684070,nan,nan,nan,nan,nan,0,4362293,58390,5082348
968,1616397684270,nan,nan,nan,nan,nan,0,4362293,58715,5073396
969,1616397684451,nan,nan,nan,nan,nan,0,4362293,59035,5083128
970,1616397684612,nan,nan,nan,nan,nan,0,4362293,73635,5083518
971,1616397684791,nan,nan,nan,nan,nan,0,4362293,78175,5083128
972,1616397684990,nan,nan,nan,nan,nan,0,4362293,56765,5083518
973,1616397685209,nan,nan,nan,nan,nan,0,4362293,101210,5061720
974,1616397685430,nan,nan,nan,nan,nan,0,4362293,56765,5083518
975,1616397685649,nan,nan,nan,nan,nan,0,4362293,56765,5081958
976,1616397685830,nan,nan,nan,nan,nan,0,4362537,67470,5083518
977,1616397686031,nan,nan,nan,nan,nan,-130859,4362537,54820,5080794
978,1616397686250,nan,nan,nan,nan,nan,-130859,4362537,57415,5081574
979,1616397686450,nan,nan,nan,nan,nan,-130859,4362537,58715,5071062
980,1616397686650,nan,nan,nan,nan,nan,-130859,4362537,72335,5068728
981,1616397686848,nan,nan,nan,nan,nan,-488,4362781,82395,5079234
982,1616397687050,nan,nan,nan,nan,nan,-488,4362781,57740,5082348
983,1616397687270,nan,nan,nan,nan,nan,-488,4362781,57090,5078844
984,1616397687470,nan,nan,nan,nan,nan,-488,4362781,72660,5083908
985,1616397687651,nan,nan,nan,nan,nan,-488,4362781,58065,5081574
986,1616397687851,nan,nan,nan,nan,nan,-488,4362781,79150,5084298
987,1616397688050,nan,nan,nan,nan,nan,-488,4362781,58715,5083518
988,1616397688232,nan,nan,nan,nan,nan,-488,4362781,59035,5082348
989,1616397688392,nan,nan,nan,nan,nan,-488,4362781,57415,5072226
990,1616397688609,nan,nan,nan,nan,nan,-488,4362781,57090,5082738
991,1616397688810,nan,nan,nan,nan,nan,-488,4362781,55795,5084298
992,1616397689030,nan,nan,nan,nan,nan,0,4362781,56120,5083128
993,1616397689231,nan,nan,nan,nan,nan,0,4362781,58390,5081958
994,1616397689410,nan,nan,nan,nan,nan,0,4362781,56120,5083518
995,1616397689610,nan,nan,nan,nan,nan,0,4362781,55795,5059770
996,1616397689810,nan,nan,nan,nan,nan,0,4362293,117755,5070282
997,1616397690029,nan,nan,nan,nan,nan,-488,4362293,57090,5084298
998,1616397690229,nan,nan,nan,nan,nan,-488,4362293,54495,5077680
999,1616397690450,nan,nan,nan,nan,nan,-488,4362293,56120,5082738
1000,1616397690670,nan,nan,nan,nan,nan,-488,4362293,54820,5083518
1001,1616397690850,nan,nan,nan,nan,nan,-1464,4362537,58390,5081958
1002,1616397691070,nan,nan,nan,nan,nan,-1464,4362537,55795,5084298
1003,1616397691250,nan,nan,nan,nan,nan,-1464,4362537,55470,5082348
1004,1616397691469,nan,nan,nan,nan,nan,-1464,4362537,57090,5083908
1005,1616397691651,nan,nan,nan,nan,nan,-1464,4362537,58715,5083908
1006,1616397691848,nan,nan,nan,nan,nan,-64941,4363025,56120,5083128
1007,1616397692049,nan,nan,nan,nan,nan,-64941,4363025,55795,5057436
1008,1616397692249,nan,nan,nan,nan,nan,-64941,4363025,56765,5053542
1009,1616397692470,nan,nan,nan,nan,nan,-64941,4363025,56440,5080014
1010,1616397692651,nan,nan,nan,nan,nan,-64941,4363025,72335,5080794
1011,1616397692870,nan,nan,nan,nan,nan,0,4362293,56120,5082348
1012,1616397693050,nan,nan,nan,nan,nan,0,4362293,57415,5079624
1013,1616397693251,nan,nan,nan,nan,nan,0,4362293,55470,5082738
1014,1616397693450,nan,nan,nan,nan,nan,0,4362293,54170,5082738
1015,1616397693666,nan,nan,nan,nan,nan,0,4362537,56765,5084298
1016,1616397694030,nan,nan,nan,nan,nan,0,4362537,55470,5083518
1017,1616397694230,nan,nan,nan,nan,nan,0,4362537,57740,5080794
1018,1616397694432,nan,nan,nan,nan,nan,0,4362537,54820,5083128
1019,1616397694611,nan,nan,nan,nan,nan,0,4362537,55145,5080014
1020,1616397694811,nan,nan,nan,nan,nan,-488,4362293,158300,5083128
1021,1616397695029,nan,nan,nan,nan,nan,-488,4362293,59685,5079234
1022,1616397695232,nan,nan,nan,nan,nan,-488,4362293,56120,5083518
1023,1616397695430,nan,nan,nan,nan,nan,-488,4362293,54495,5055102
1024,1616397695630,nan,nan,nan,nan,nan,-488,4362293,56440,5083908
1025,1616397695809,nan,nan,nan,nan,nan,-64941,4362537,55795,5082348
1026,1616397696011,nan,nan,nan,nan,nan,-64941,4362537,96345,5083518
1027,1616397696231,nan,nan,nan,nan,nan,-64941,4362537,57090,5070672
1028,1616397696429,nan,nan,nan,nan,nan,-64941,4362537,56440,5083908
1029,1616397696651,nan,nan,nan,nan,nan,-64941,4362537,56120,5083128
1030,1616397696847,nan,nan,nan,nan,nan,-488,4362537,72985,5083128
1031,1616397697069,nan,nan,nan,nan,nan,-488,4362537,55470,5076900
1032,1616397697270,nan,nan,nan,nan,nan,-488,4362537,54170,5084298
1033,1616397697489,nan,nan,nan,nan,nan,-488,4362537,54820,5083128
1034,1616397697710,nan,nan,nan,nan,nan,-488,4362537,54495,5082738
1035,1616397697930,nan,nan,nan,nan,nan,-1464,4362537,113860,5057436
1036,1616397698049,nan,nan,nan,nan,nan,-1464,4362537,496320,4977636
1037,1616397698103,nan,nan,nan,nan,nan,-1464,4362537,204365,5063274
1038,1616397698151,nan,nan,nan,nan,nan,-1464,4362537,123915,4985808
1039,1616397698200,nan,nan,nan,nan,nan,-1464,4362537,128780,5062884
1040,1616397698249,nan,nan,nan,nan,nan,-1464,4362537,123915,5064054
1041,1616397698294,nan,nan,nan,nan,nan,-1464,4362537,124890,5039142
1042,1616397698339,nan,nan,nan,nan,nan,-1464,4362537,125865,4980360
